{
  "t": [
    2,
    4,
    6,
    8,
    10,
    12,
    14,
    16,
    18,
    20,
    22,
    24,
    26,
    28,
    30
  ],
  "temp": 22.5,
  "pressure": 102,
  "G1": {
    "alpha_inf": -4.2299999999999995,
    "delta": [
      16.905,
      15.579999999999998,
      14.43,
      13.280000000000001,
      12.329999999999998,
      11.329999999999998,
      10.48,
      9.73,
      8.93,
      8.28,
      7.629999999999999,
      7.029999999999999,
      6.529999999999999,
      6.08,
      5.529999999999999
    ],
    "ln_delta": [
      2.8276094361598494,
      2.7459880404426023,
      2.6693093727857793,
      2.586259144048288,
      2.512035317176253,
      2.4274540750399147,
      2.349468678892896,
      2.2752138961979136,
      2.189416394888408,
      2.1138429683971682,
      2.0320878452963655,
      1.9501867058225735,
      1.8764069432883397,
      1.8050046959780757,
      1.7101878155342434
    ],
    "slope": -0.03964958968658228,
    "intercept": 2.9057581903152276,
    "r2": 0.9998894674526779,
    "k": 0.03964958968658228,
    "s_k": 0.00011562083828629138,
    "half_life": 17.481824806739713,
    "s_hl": 0.05097816282354468,
    "alpha_0": 14.049097434289603,
    "s": 0.003869413345140024,
    "s_slope": 0.00011562083828629138,
    "s_intercept": 0.0021024773340083476,
    "hcl_eff": 1.5,
    "label": "Group 1 (50mL sucrose + 50mL HCl)",
    "sucrose_conc": "20.0890 g/100mL",
    "volume_ratio": "50mL sucrose : 50mL HCl",
    "alpha_t": [
      12.675,
      11.35,
      10.2,
      9.05,
      8.1,
      7.1,
      6.25,
      5.5,
      4.7,
      4.05,
      3.4,
      2.8,
      2.3,
      1.85,
      1.3
    ],
    "alpha_inf_meas": [
      -4.2,
      -4.25,
      -4.25,
      -4.2,
      -4.25
    ]
  },
  "G2": {
    "alpha_inf": -4.0,
    "delta": [
      18.8,
      18.3,
      17.65,
      16.9,
      16.175,
      15.6,
      15.0,
      14.625,
      14.0,
      13.55,
      12.85,
      12.375,
      11.9,
      11.65,
      11.15
    ],
    "ln_delta": [
      2.9338568698359038,
      2.9069010598473755,
      2.8707357833793057,
      2.8273136219290276,
      2.7834668403869642,
      2.747270914255491,
      2.70805020110221,
      2.68273239311792,
      2.6390573296152584,
      2.60638654732571,
      2.553343811341229,
      2.515678308454754,
      2.4765384001174837,
      2.4553061800117097,
      2.411439497906128
    ],
    "slope": -0.018973481687879205,
    "intercept": 2.978114224247832,
    "r2": 0.998658445439772,
    "k": 0.018973481687879205,
    "s_k": 0.00019287282281843146,
    "half_life": 36.532418876117355,
    "s_hl": 0.37136625048229066,
    "alpha_0": 15.650724821942624,
    "s": 0.006454759242278837,
    "s_slope": 0.00019287282281843146,
    "s_intercept": 0.003507246136011104,
    "hcl_eff": 1.0,
    "label": "Group 2 (100mL sucrose + 50mL HCl)",
    "sucrose_conc": "20.0767 g/100mL",
    "volume_ratio": "100mL sucrose : 50mL HCl",
    "alpha_t": [
      14.8,
      14.3,
      13.65,
      12.9,
      12.175,
      11.6,
      11.0,
      10.625,
      10.0,
      9.55,
      8.85,
      8.375,
      7.9,
      7.65,
      7.15
    ],
    "alpha_inf_meas": [
      -4.0,
      -4.0,
      -4.0,
      -4.0,
      -4.0
    ]
  }
}